{"w1": 0.6002829832501616, "w2": 2.2182557917198134}